{"fine_tune_id": "ftjob-zoK9vLXhZ07mcq1NHWJVC775", "_timestamp": 1722412521.0617912, "_runtime": 18.252325296401978, "_step": 0, "_wandb": {"runtime": 15}}